player_name,position,player_id,partidos,titularidades,rating_prom,rating_max,minutos_total,minutos_prom,goles,asistencias,xG_total,tiros_arco,tiros_fuera,tiros_totales,pase_pct_prom,pases_precisos_total,pases_totales_total,duelos_ganados,duelos_totales,duelos_pct_prom,recuperaciones,dribbles,centros,intercepciones,entradas_total,entradas_ganadas,amarillas,rojas,g_a_per90_prom,passes_per90_prom,recoveries_per90_prom,duelos_aereos_ganados,duelos_aereos_total,duelos_aereos_pct,faltas_cometidas,faltas_recibidas,grandes_ocasiones_falladas,grandes_ocasiones_creadas,palos,despejes,regates_intentados,regates_ganados,toques_malos,fueras_juego,atajadas,contribuciones_gol,position_group,foto_url,team
James Rodríguez,M,107414,10,8,"7,83","9,1","642,0","64,2",2,5,0,11,4,"16,0","89,6","411,0","457,0","26,0","41,0","59,0","18,0","66,0","45,0","2,0","6,0","3,0",0,0,"0,97","58,52","2,41","2,0","4,0","50,0","1,0","13,0","0,0","7,0","0,0","2,0","7,0","5,0","5,0","2,0","0,0",7,MID,https://api.sofascore.app/api/v1/player/107414/image,Colombia
Luis Díaz,M,883537,10,10,"7,68","10,0","755,0","75,5",4,3,0,10,6,"27,0","84,67","239,0","281,0","72,0","132,0","53,73","39,0","57,0","8,0","2,0","8,0","6,0",0,0,"0,78","28,55","4,51","9,0","16,0","60,73","10,0","27,0","2,0","4,0","0,0","1,0","51,0","28,0","28,0","4,0","0,0",7,MID,https://api.sofascore.app/api/v1/player/883537/image,Colombia
Willer Ditta,D,931705,3,2,"7,45","7,5","164,0","82,0",0,0,0,0,2,"2,0","88,5","69,0","78,0","10,0","14,0","73,35","5,0","16,0","0,0","2,0","2,0","2,0",0,0,"0,0","39,45","2,95","7,0","8,0","92,85","3,0","1,0","0,0","0,0","0,0","14,0","0,0","0,0","2,0","0,0","0,0",0,DEF,https://api.sofascore.app/api/v1/player/931705/image,Colombia
Johan Carbonero,F,925125,6,0,"7,3","7,3","37,0","18,5",2,0,0,2,1,"3,0","77,5","7,0","9,0","2,0","5,0","25,0","0,0","0,0","0,0","0,0","0,0","0,0",0,0,"5,34","19,45","0,0","0,0","0,0",,"2,0","1,0","0,0","0,0","0,0","0,0","1,0","1,0","1,0","0,0","0,0",2,FWD,https://api.sofascore.app/api/v1/player/925125/image,Colombia
Santiago Arias,D,158583,7,4,"7,22","7,6","378,0","75,6",0,2,0,1,1,"2,0","91,42","228,0","248,0","14,0","27,0","52,76","13,0","22,0","14,0","3,0","5,0","5,0",0,0,"0,4","54,66","3,34","4,0","5,0","83,33","4,0","5,0","0,0","0,0","0,0","7,0","0,0","0,0","2,0","0,0","0,0",2,DEF,https://api.sofascore.app/api/v1/player/158583/image,Colombia
Luis Javier Suárez,F,914213,10,5,"7,2","9,9","369,0","61,5",5,0,0,5,4,"9,0","74,05","46,0","61,0","11,0","32,0","34,95","6,0","11,0","1,0","0,0","0,0","0,0",0,0,"1,2","11,67","1,28","3,0","11,0","25,0","8,0","6,0","1,0","0,0","0,0","3,0","4,0","2,0","9,0","0,0","0,0",5,FWD,https://api.sofascore.app/api/v1/player/914213/image,Colombia
Juan Fernando Quintero,M,221162,7,1,"7,16","8,0","194,0","27,71",1,3,0,1,0,"2,0","80,54","130,0","158,0","5,0","8,0","58,32","3,0","37,0","14,0","0,0","1,0","1,0",0,0,"2,08","68,57","1,13","1,0","1,0","100,0","0,0","1,0","0,0","3,0","0,0","0,0","4,0","2,0","4,0","0,0","0,0",4,MID,https://api.sofascore.app/api/v1/player/221162/image,Colombia
Davinson Sánchez,D,566102,10,8,"7,12","7,8","675,0","84,38",1,1,0,2,0,"2,0","88,2","486,0","541,0","27,0","41,0","65,31","27,0","93,0","1,0","6,0","15,0","9,0",0,0,"0,38","65,0","3,5","5,0","11,0","46,66","3,0","7,0","1,0","2,0","0,0","31,0","0,0","0,0","5,0","0,0","0,0",2,DEF,https://api.sofascore.app/api/v1/player/566102/image,Colombia
Yerry Mina,D,360396,6,2,"7,1","7,6","196,0","65,33",1,1,0,1,0,"1,0","90,97","136,0","151,0","12,0","17,0","81,47","6,0","6,0","0,0","2,0","0,0","0,0",0,0,"0,67","70,0","2,0","8,0","9,0","91,67","4,0","4,0","0,0","0,0","0,0","12,0","0,0","0,0","1,0","1,0","0,0",2,DEF,https://api.sofascore.app/api/v1/player/360396/image,Colombia
Jhon Lucumí,D,818481,10,6,"7,09","7,6","630,0","78,75",1,0,0,1,0,"2,0","92,75","425,0","457,0","10,0","14,0","76,66","20,0","59,0","0,0","6,0","4,0","4,0",0,0,"0,12","58,62","2,75","4,0","7,0","66,67","1,0","1,0","0,0","0,0","0,0","23,0","1,0","1,0","5,0","0,0","0,0",1,DEF,https://api.sofascore.app/api/v1/player/818481/image,Colombia
Carlos Cuesta,D,839095,2,1,"7,0","7,0","45,0","45,0",0,0,0,0,0,"0,0","100,0","20,0","20,0","1,0","2,0","50,0","0,0","0,0","0,0","0,0","0,0","0,0",0,0,"0,0","40,0","0,0","1,0","1,0","100,0","1,0","0,0","0,0","0,0","0,0","1,0","0,0","0,0","1,0","0,0","0,0",0,DEF,https://api.sofascore.app/api/v1/player/839095/image,Colombia
Jhon Arias,M,844096,8,4,"6,99","8,2","329,0","47,0",1,0,0,4,2,"8,0","87,86","144,0","157,0","23,0","39,0","67,31","23,0","50,0","12,0","1,0","12,0","5,0",0,0,"0,18","40,29","6,79","1,0","2,0","50,0","4,0","8,0","0,0","0,0","0,0","3,0","6,0","2,0","5,0","0,0","0,0",1,MID,https://api.sofascore.app/api/v1/player/844096/image,Colombia
Gustavo Puerta,M,1174889,6,2,"6,98","8,0","217,0","43,4",1,0,0,2,1,"5,0","87,38","144,0","162,0","16,0","33,0","46,66","12,0","36,0","1,0","4,0","6,0","5,0",0,0,"0,28","66,0","5,74","2,0","5,0","33,33","10,0","7,0","0,0","0,0","0,0","3,0","2,0","1,0","1,0","0,0","0,0",1,MID,https://api.sofascore.app/api/v1/player/1174889/image,Colombia
Jefferson Lerma,M,355796,10,7,"6,96","8,0","607,0","67,44",2,1,0,4,3,"9,0","83,69","285,0","339,0","25,0","55,0","54,96","33,0","40,0","0,0","13,0","14,0","5,0",0,0,"1,34","64,74","7,48","9,0","16,0","68,0","13,0","2,0","0,0","1,0","0,0","13,0","2,0","0,0","5,0","0,0","0,0",3,MID,https://api.sofascore.app/api/v1/player/355796/image,Colombia
Jhon Córdoba,F,281253,7,2,"6,96","7,4","244,0","48,8",2,0,0,5,4,"11,0","87,8","23,0","26,0","9,0","23,0","50,34","5,0","7,0","0,0","0,0","0,0","0,0",0,0,"1,08","7,94","1,32","2,0","5,0","44,43","5,0","6,0","2,0","0,0","0,0","2,0","2,0","1,0","3,0","2,0","0,0",2,FWD,https://api.sofascore.app/api/v1/player/281253/image,Colombia
Álvaro Angulo,D,824511,6,3,"6,87","7,8","270,0","90,0",0,0,0,0,1,"1,0","81,67","92,0","111,0","14,0","24,0","60,5","9,0","0,0","2,0","5,0","6,0","5,0",0,0,"0,0","30,67","3,0","4,0","8,0","63,9","4,0","4,0","0,0","0,0","0,0","11,0","1,0","0,0","1,0","1,0","0,0",0,DEF,https://api.sofascore.app/api/v1/player/824511/image,Colombia
Yáser Asprilla,M,1092769,4,1,"6,87","7,5","137,0","45,67",0,0,0,2,1,"4,0","89,03","64,0","72,0","11,0","19,0","61,2","3,0","0,0","8,0","0,0","3,0","2,0",0,0,"0,0","40,2","2,67","0,0","0,0",,"3,0","2,0","1,0","0,0","0,0","0,0","9,0","6,0","3,0","0,0","0,0",0,MID,https://api.sofascore.app/api/v1/player/1092769/image,Colombia
David Ospina,G,33596,10,1,"6,85","7,2","106,0","53,0",0,0,0,0,0,"0,0","68,9","23,0","39,0","0,0","0,0",,"14,0","4,0","0,0","0,0","0,0","0,0",0,0,"0,0","23,05","11,6","0,0","0,0",,"0,0","0,0","0,0","0,0","0,0","2,0","0,0","0,0","0,0","0,0","2,0",0,GK,https://api.sofascore.app/api/v1/player/33596/image,Colombia
Jorge Carrascal,M,590392,7,1,"6,82","7,0","106,0","26,5",0,1,0,1,2,"3,0","91,68","51,0","55,0","8,0","14,0","56,68","7,0","18,0","4,0","0,0","7,0","4,0",0,0,"0,5","53,78","8,62","0,0","0,0",,"4,0","0,0","0,0","1,0","0,0","1,0","2,0","1,0","1,0","0,0","0,0",1,MID,https://api.sofascore.app/api/v1/player/590392/image,Colombia
Kevin Castaño,M,1066915,9,3,"6,74","7,1","323,0","46,14",0,1,0,0,0,"0,0","91,9","194,0","212,0","15,0","37,0","37,69","15,0","37,0","1,0","2,0","8,0","5,0",0,0,"0,18","67,2","3,61","3,0","5,0","66,65","9,0","4,0","0,0","2,0","0,0","3,0","2,0","0,0","3,0","0,0","0,0",1,MID,https://api.sofascore.app/api/v1/player/1066915/image,Colombia
Juan Portilla,M,980580,7,2,"6,72","7,0","198,0","33,0",0,0,0,0,1,"3,0","86,24","134,0","149,0","11,0","20,0","78,58","12,0","3,0","0,0","2,0","6,0","4,0",0,0,"0,0","66,08","9,87","2,0","5,0","44,43","4,0","1,0","0,0","0,0","0,0","4,0","3,0","2,0","2,0","0,0","0,0",0,MID,https://api.sofascore.app/api/v1/player/980580/image,Colombia
Rafael Carrascal,M,818936,1,0,"6,7","6,7","17,0","17,0",0,0,0,0,0,"0,0","100,0","4,0","4,0","1,0","1,0","100,0","1,0","0,0","0,0","0,0","0,0","0,0",0,0,"0,0","21,2","5,3","0,0","0,0",,"0,0","1,0","0,0","0,0","0,0","1,0","0,0","0,0","2,0","0,0","0,0",0,MID,https://api.sofascore.app/api/v1/player/818936/image,Colombia
Dayro Moreno,F,31715,2,0,"6,7","6,7","8,0","8,0",0,0,0,0,0,"0,0","100,0","4,0","4,0","0,0","0,0",,"0,0","0,0","0,0","0,0","0,0","0,0",0,0,"0,0","45,0","0,0","0,0","0,0",,"0,0","0,0","0,0","0,0","0,0","0,0","0,0","0,0","0,0","0,0","0,0",0,FWD,https://api.sofascore.app/api/v1/player/31715/image,Colombia
Jaminton Campaz,M,877299,8,2,"6,68","7,4","183,0","36,6",1,0,0,2,0,"2,0","78,46","41,0","52,0","6,0","24,0","27,5","9,0","4,0","6,0","3,0","0,0","0,0",0,0,"0,67","19,48","3,94","1,0","2,0","50,0","4,0","2,0","0,0","0,0","0,0","3,0","6,0","3,0","3,0","0,0","0,0",1,MID,https://api.sofascore.app/api/v1/player/877299/image,Colombia
Richard Ríos,M,1015292,10,8,"6,68","7,2","605,0","67,22",0,1,0,2,1,"3,0","83,79","221,0","265,0","38,0","87,0","40,78","33,0","48,0","6,0","6,0","14,0","9,0",0,0,"0,11","31,89","4,46","4,0","8,0","50,0","13,0","15,0","1,0","1,0","1,0","8,0","15,0","5,0","16,0","0,0","0,0",1,MID,https://api.sofascore.app/api/v1/player/1015292/image,Colombia
Andrés Gómez,M,1160386,5,1,"6,67","7,1","109,0","36,33",0,0,0,0,2,"4,0","86,1","29,0","35,0","8,0","19,0","42,93","5,0","23,0","0,0","0,0","3,0","3,0",0,0,"0,0","23,9","4,23","0,0","0,0",,"0,0","2,0","0,0","0,0","0,0","1,0","8,0","3,0","5,0","0,0","0,0",0,MID,https://api.sofascore.app/api/v1/player/1160386/image,Colombia
Johan Mojica,D,344847,9,6,"6,65","7,4","470,0","78,33",0,0,0,1,0,"1,0","89,73","235,0","260,0","15,0","33,0","34,23","21,0","40,0","19,0","4,0","8,0","5,0",0,0,"0,0","43,97","3,93","3,0","9,0","30,0","4,0","2,0","0,0","0,0","0,0","5,0","6,0","2,0","3,0","0,0","0,0",0,DEF,https://api.sofascore.app/api/v1/player/344847/image,Colombia
Álvaro Montero,G,926238,7,3,"6,63","7,2","270,0","90,0",0,0,0,0,0,"0,0","79,77","60,0","74,0","2,0","3,0","75,0","16,0","6,0","0,0","0,0","1,0","0,0",0,0,"0,0","20,0","5,33","0,0","0,0",,"0,0","1,0","0,0","0,0","0,0","3,0","0,0","0,0","0,0","0,0","5,0",0,GK,https://api.sofascore.app/api/v1/player/926238/image,Colombia
Deiver Machado,D,822110,4,1,"6,62","6,9","160,0","40,0",0,0,0,0,1,"1,0","84,92","53,0","62,0","5,0","16,0","35,42","6,0","20,0","2,0","0,0","0,0","0,0",0,0,"0,0","35,9","4,97","1,0","2,0","50,0","2,0","3,0","1,0","1,0","0,0","4,0","3,0","1,0","4,0","0,0","0,0",0,DEF,https://api.sofascore.app/api/v1/player/822110/image,Colombia
Camilo Vargas,G,125787,8,4,"6,58","7,4","344,0","86,0",0,0,0,0,0,"0,0","82,0","77,0","94,0","1,0","1,0","100,0","15,0","13,0","0,0","0,0","0,0","0,0",0,0,"0,0","20,18","3,98","0,0","0,0",,"0,0","1,0","0,0","0,0","0,0","1,0","0,0","0,0","0,0","0,0","7,0",0,GK,https://api.sofascore.app/api/v1/player/125787/image,Colombia
Kevin Mier,G,876190,5,2,"6,55","6,7","180,0","90,0",0,0,0,0,0,"0,0","69,5","45,0","65,0","0,0","0,0",,"7,0","0,0","0,0","0,0","0,0","0,0",0,0,"0,0","22,5","3,5","0,0","0,0",,"0,0","0,0","0,0","0,0","0,0","2,0","0,0","0,0","0,0","0,0","7,0",0,GK,https://api.sofascore.app/api/v1/player/876190/image,Colombia
Kevin Serna,M,981374,2,1,"6,55","6,7","95,0","47,5",0,0,0,0,0,"0,0","90,9","18,0","20,0","5,0","15,0","33,05","9,0","0,0","2,0","0,0","1,0","1,0",0,0,"0,0","19,75","9,45","2,0","4,0","66,65","1,0","1,0","0,0","0,0","0,0","1,0","4,0","1,0","2,0","1,0","0,0",0,MID,https://api.sofascore.app/api/v1/player/981374/image,Colombia
Cucho Hernández,F,887055,4,2,"6,5","6,6","105,0","52,5",0,0,0,1,0,"2,0","46,45","9,0","19,0","3,0","11,0","18,75","5,0","5,0","1,0","0,0","0,0","0,0",0,0,"0,0","7,5","4,5","3,0","5,0","37,5","5,0","0,0","0,0","1,0","0,0","0,0","0,0","0,0","4,0","0,0","0,0",0,FWD,https://api.sofascore.app/api/v1/player/887055/image,Colombia
Andrés Román,D,870013,4,1,"6,4","6,4","123,0","61,5",0,0,0,1,1,"2,0","87,15","27,0","36,0","5,0","15,0","17,85","1,0","0,0","0,0","0,0","1,0","0,0",0,0,"0,0","14,35","0,5","1,0","1,0","100,0","2,0","2,0","2,0","0,0","1,0","3,0","4,0","1,0","3,0","0,0","0,0",0,DEF,https://api.sofascore.app/api/v1/player/870013/image,Colombia
Rafael Borré,F,560116,6,0,"6,38","6,5","84,0","21,0",0,1,0,0,1,"1,0","83,35","11,0","13,0","2,0","13,0","16,67","2,0","0,0","1,0","1,0","0,0","0,0",0,0,"1,12","11,22","1,88","1,0","6,0","16,65","2,0","1,0","1,0","1,0","0,0","0,0","0,0","0,0","1,0","1,0","0,0",1,FWD,https://api.sofascore.app/api/v1/player/560116/image,Colombia
Daniel Muñoz,M,870360,8,5,"6,32","6,9","432,0","72,0",0,0,0,0,2,"2,0","79,03","152,0","184,0","15,0","32,0","54,8","12,0","43,0","8,0","4,0","6,0","6,0",0,0,"0,0","56,87","2,05","5,0","7,0","70,0","11,0","3,0","0,0","0,0","1,0","10,0","1,0","1,0","8,0","3,0","0,0",0,MID,https://api.sofascore.app/api/v1/player/870360/image,Colombia
Juan Cabal,D,988037,2,1,"5,8","5,8","90,0","90,0",0,0,0,0,0,"0,0","80,5","33,0","41,0","1,0","2,0","50,0","2,0","19,0","0,0","1,0","1,0","0,0",0,0,"0,0","33,0","2,0","0,0","0,0",,"0,0","0,0","0,0","0,0","0,0","1,0","0,0","0,0","0,0","0,0","0,0",0,DEF,https://api.sofascore.app/api/v1/player/988037/image,Colombia
Cristián Borja,D,831038,1,0,,,"0,0",,0,0,0,0,0,"0,0",,"0,0","0,0","0,0","0,0",,"0,0","0,0","0,0","0,0","0,0","0,0",0,0,,,,"0,0","0,0",,"0,0","0,0","0,0","0,0","0,0","0,0","0,0","0,0","0,0","0,0","0,0",0,DEF,https://api.sofascore.app/api/v1/player/831038/image,Colombia
Marino Hinestroza,M,972587,3,0,,,"3,0","3,0",0,0,0,0,0,"0,0","100,0","3,0","3,0","1,0","2,0","50,0","0,0","0,0","0,0","0,0","1,0","1,0",0,0,"0,0","90,0","0,0","0,0","0,0",,"0,0","0,0","0,0","0,0","0,0","0,0","0,0","0,0","0,0","0,0","0,0",0,MID,https://api.sofascore.app/api/v1/player/972587/image,Colombia
Yerson Mosquera,D,1014835,4,0,,,"0,0",,0,0,0,0,0,"0,0",,"0,0","0,0","0,0","0,0",,"0,0","0,0","0,0","0,0","0,0","0,0",0,0,,,,"0,0","0,0",,"0,0","0,0","0,0","0,0","0,0","0,0","0,0","0,0","0,0","0,0","0,0",0,DEF,https://api.sofascore.app/api/v1/player/1014835/image,Colombia
Lionel Messi,F,12994,8,5,"8,34","9,3","512,0","73,14",4,3,0,10,8,"30,0","84,26","329,0","391,0","34,0","69,0","49,29","11,0","35,0","12,0","2,0","1,0","1,0",0,0,"1,01","55,29","2,66","0,0","1,0","0,0","3,0","11,0","3,0","3,0","1,0","0,0","41,0","22,0","14,0","8,0","0,0",7,FWD,https://api.sofascore.app/api/v1/player/12994/image,Argentina
Gerónimo Rulli,G,128383,10,1,"7,6","7,6","90,0","90,0",0,0,0,0,0,"0,0","89,5","17,0","19,0","1,0","1,0","100,0","6,0","0,0","0,0","0,0","0,0","0,0",0,0,"0,0","17,0","6,0","1,0","1,0","100,0","0,0","0,0","0,0","0,0","0,0","3,0","0,0","0,0","0,0","0,0","2,0",0,GK,https://api.sofascore.app/api/v1/player/128383/image,Argentina
Thiago Almada,M,944660,7,7,"7,57","8,1","535,0","76,43",1,3,0,4,3,"7,0","90,33","378,0","418,0","16,0","34,0","40,36","17,0","81,0","10,0","6,0","6,0","5,0",0,0,"0,63","64,34","2,74","0,0","0,0",,"3,0","7,0","1,0","3,0","0,0","2,0","6,0","3,0","7,0","1,0","0,0",4,MID,https://api.sofascore.app/api/v1/player/944660/image,Argentina
Valentín Barco,M,1127057,6,1,"7,45","7,8","81,0","40,5",1,0,0,1,0,"1,0","92,2","73,0","79,0","9,0","14,0","64,25","4,0","39,0","1,0","1,0","3,0","1,0",0,0,"1,25","78,5","4,0","0,0","0,0",,"3,0","6,0","0,0","0,0","0,0","0,0","1,0","0,0","1,0","0,0","0,0",1,MID,https://api.sofascore.app/api/v1/player/1127057/image,Argentina
Lautaro Martínez,F,823984,8,4,"7,45","8,8","346,0","57,67",5,3,0,11,5,"19,0","86,43","99,0","116,0","18,0","39,0","41,8","17,0","10,0","2,0","1,0","3,0","3,0",0,0,"2,97","24,72","3,43","2,0","3,0","75,0","6,0","7,0","5,0","3,0","0,0","2,0","13,0","6,0","2,0","5,0","0,0",8,FWD,https://api.sofascore.app/api/v1/player/823984/image,Argentina
Giovani Lo Celso,M,798835,6,4,"7,4","8,0","279,0","55,8",1,0,0,3,3,"10,0","89,1","210,0","230,0","13,0","26,0","55,9","7,0","22,0","7,0","1,0","8,0","6,0",0,0,"0,2","70,72","2,62","0,0","1,0","0,0","3,0","4,0","0,0","0,0","1,0","1,0","3,0","1,0","6,0","3,0","0,0",1,MID,https://api.sofascore.app/api/v1/player/798835/image,Argentina
Leandro Paredes,M,255389,7,5,"7,4","7,8","343,0","68,6",0,0,0,0,0,"1,0","94,9","397,0","414,0","14,0","19,0","71,42","23,0","28,0","7,0","1,0","8,0","5,0",0,0,"0,0","105,78","5,64","1,0","1,0","100,0","4,0","4,0","0,0","0,0","0,0","7,0","1,0","1,0","0,0","0,0","0,0",0,MID,https://api.sofascore.app/api/v1/player/255389/image,Argentina
Cristian Romero,D,829932,9,7,"7,39","8,1","657,0","82,12",0,0,0,0,1,"1,0","96,55","623,0","645,0","32,0","64,0","46,3","39,0","80,0","0,0","20,0","18,0","10,0",0,0,"0,0","86,04","5,16","7,0","16,0","47,91","16,0","4,0","0,0","0,0","0,0","16,0","3,0","3,0","1,0","1,0","0,0",0,DEF,https://api.sofascore.app/api/v1/player/829932/image,Argentina
Rodrigo De Paul,M,249399,10,6,"7,34","8,6","612,0","61,2",0,0,0,0,2,"4,0","89,16","701,0","774,0","24,0","49,0","47,51","33,0","77,0","11,0","3,0","12,0","7,0",0,0,"0,0","105,79","4,72","1,0","2,0","50,0","5,0","7,0","0,0","2,0","0,0","2,0","10,0","4,0","7,0","1,0","0,0",0,MID,https://api.sofascore.app/api/v1/player/249399/image,Argentina
Nicolás González,M,901325,9,4,"7,3","9,2","464,0","58,0",0,4,0,2,2,"5,0","89,78","185,0","206,0","32,0","49,0","66,26","15,0","12,0","8,0","8,0","9,0","7,0",0,0,"0,98","35,6","3,28","10,0","13,0","80,0","5,0","11,0","2,0","6,0","1,0","7,0","6,0","2,0","7,0","2,0","0,0",4,MID,https://api.sofascore.app/api/v1/player/901325/image,Argentina
Alexis Mac Allister,M,895324,8,5,"7,3","9,2","434,0","62,0",2,1,0,4,3,"7,0","90,26","288,0","319,0","18,0","33,0","42,03","27,0","35,0","1,0","1,0","11,0","7,0",0,0,"0,53","62,63","5,17","2,0","5,0","25,0","4,0","5,0","0,0","1,0","0,0","4,0","3,0","0,0","4,0","0,0","0,0",3,MID,https://api.sofascore.app/api/v1/player/895324/image,Argentina
Gonzalo Montiel,D,822933,4,2,"7,25","7,9","129,0","64,5",1,0,0,1,0,"1,0","89,75","66,0","73,0","3,0","5,0","66,65","2,0","0,0","2,0","1,0","3,0","1,0",0,0,"0,74","46,6","1,4","0,0","1,0","0,0","1,0","0,0","0,0","0,0","0,0","1,0","0,0","0,0","1,0","0,0","0,0",1,DEF,https://api.sofascore.app/api/v1/player/822933/image,Argentina
Aníbal Moreno,M,977677,2,0,"7,2","7,2","45,0","45,0",0,0,0,0,0,"1,0","97,0","64,0","66,0","2,0","3,0","66,7","2,0","0,0","0,0","1,0","1,0","1,0",0,0,"0,0","128,0","4,0","1,0","1,0","100,0","1,0","0,0","0,0","0,0","0,0","0,0","0,0","0,0","0,0","0,0","0,0",0,MID,https://api.sofascore.app/api/v1/player/977677/image,Argentina
Emiliano Martínez,G,158263,8,8,"7,19","7,7","690,0","86,25",0,0,0,0,0,"0,0","92,49","167,0","182,0","2,0","2,0","100,0","42,0","8,0","0,0","0,0","1,0","1,0",0,0,"0,0","21,41","5,44","1,0","1,0","100,0","0,0","0,0","0,0","0,0","0,0","1,0","0,0","0,0","0,0","0,0","18,0",0,GK,https://api.sofascore.app/api/v1/player/158263/image,Argentina
Enzo Fernández,M,974505,5,4,"7,16","7,8","306,0","61,2",1,0,0,3,1,"4,0","93,38","325,0","348,0","11,0","24,0","47,0","10,0","61,0","4,0","2,0","4,0","3,0",0,0,"0,32","93,22","3,04","0,0","1,0","0,0","6,0","6,0","1,0","0,0","0,0","1,0","2,0","1,0","9,0","0,0","0,0",1,MID,https://api.sofascore.app/api/v1/player/974505/image,Argentina
Lisandro Martínez,D,859999,1,1,"7,1","7,1","63,0","63,0",0,0,0,0,1,"1,0","100,0","63,0","63,0","2,0","4,0","50,0","4,0","23,0","0,0","0,0","0,0","0,0",0,0,"0,0","90,0","5,7","2,0","3,0","66,7","1,0","0,0","0,0","0,0","0,0","2,0","0,0","0,0","0,0","0,0","0,0",0,DEF,https://api.sofascore.app/api/v1/player/859999/image,Argentina
Marcos Acuña,D,578560,4,1,"7,1","7,1","69,0","69,0",0,0,0,0,0,"0,0","100,0","44,0","44,0","2,0","4,0","50,0","3,0","10,0","0,0","0,0","2,0","2,0",0,0,"0,0","57,4","3,9","0,0","0,0",,"1,0","0,0","0,0","0,0","0,0","0,0","1,0","0,0","0,0","0,0","0,0",0,DEF,https://api.sofascore.app/api/v1/player/578560/image,Argentina
Julián Alvarez,F,944656,8,6,"7,09","7,6","464,0","66,29",2,1,0,5,0,"7,0","80,79","160,0","194,0","14,0","37,0","46,23","9,0","23,0","7,0","0,0","5,0","2,0",0,0,"0,52","31,04","2,09","2,0","5,0","33,33","7,0","2,0","1,0","3,0","0,0","0,0","12,0","5,0","12,0","1,0","0,0",3,FWD,https://api.sofascore.app/api/v1/player/944656/image,Argentina
Nico Paz,M,1171451,9,3,"7,08","7,8","249,0","41,5",1,0,0,5,1,"10,0","92,1","139,0","152,0","26,0","37,0","71,47","10,0","14,0","2,0","2,0","10,0","5,0",0,0,"0,33","55,43","5,27","0,0","2,0","0,0","2,0","5,0","1,0","0,0","1,0","0,0","16,0","11,0","8,0","0,0","0,0",1,MID,https://api.sofascore.app/api/v1/player/1171451/image,Argentina
Nicolás Otamendi,D,74915,9,6,"7,03","8,0","411,0","68,5",1,0,0,1,3,"4,0","95,9","336,0","351,0","19,0","25,0","76,85","13,0","67,0","0,0","5,0","5,0","3,0",0,0,"0,22","69,13","2,62","12,0","16,0","72,66","2,0","2,0","0,0","0,0","0,0","16,0","0,0","0,0","0,0","0,0","0,0",1,DEF,https://api.sofascore.app/api/v1/player/74915/image,Argentina
Nicolás Tagliafico,D,158243,8,7,"6,96","7,4","504,0","72,0",0,0,0,1,1,"2,0","93,61","280,0","300,0","18,0","31,0","64,04","15,0","14,0","5,0","7,0","7,0","4,0",0,0,"0,0","51,43","2,53","5,0","7,0","80,0","7,0","5,0","0,0","0,0","0,0","6,0","2,0","1,0","4,0","0,0","0,0",0,DEF,https://api.sofascore.app/api/v1/player/158243/image,Argentina
Giuliano Simeone,M,1099352,9,4,"6,96","9,0","397,0","44,11",1,0,0,4,3,"7,0","91,13","146,0","165,0","20,0","46,0","50,61","13,0","21,0","6,0","2,0","11,0","6,0",0,0,"0,12","34,38","4,5","3,0","5,0","66,67","10,0","3,0","4,0","2,0","0,0","0,0","14,0","3,0","7,0","4,0","0,0",1,MID,https://api.sofascore.app/api/v1/player/1099352/image,Argentina
Nahuel Molina,D,831799,8,6,"6,91","7,3","504,0","63,0",0,1,0,0,0,"0,0","92,59","303,0","330,0","9,0","22,0","43,33","24,0","31,0","15,0","6,0","4,0","3,0",0,0,"0,16","54,95","4,16","2,0","3,0","66,67","4,0","1,0","0,0","2,0","0,0","7,0","2,0","2,0","4,0","1,0","0,0",1,DEF,https://api.sofascore.app/api/v1/player/831799/image,Argentina
Marcos Senesi,D,830659,4,2,"6,9","6,9","180,0","90,0",0,0,0,0,1,"1,0","95,75","178,0","186,0","5,0","14,0","41,1","8,0","26,0","0,0","1,0","2,0","1,0",0,0,"0,0","89,0","4,0","1,0","3,0","25,0","3,0","2,0","1,0","0,0","0,0","2,0","1,0","0,0","1,0","0,0","0,0",0,DEF,https://api.sofascore.app/api/v1/player/830659/image,Argentina
Kevin Mac Allister,D,895327,1,0,"6,9","6,9","30,0","30,0",0,0,0,0,0,"0,0","88,2","15,0","17,0","6,0","6,0","100,0","2,0","0,0","0,0","0,0","4,0","1,0",0,0,"0,0","45,0","6,0","1,0","1,0","100,0","0,0","1,0","0,0","0,0","0,0","0,0","0,0","0,0","0,0","0,0","0,0",0,DEF,https://api.sofascore.app/api/v1/player/895327/image,Argentina
Leonardo Balerdi,D,928236,6,3,"6,88","7,1","272,0","54,4",0,0,0,0,1,"1,0","97,45","221,0","228,0","11,0","18,0","66,68","19,0","0,0","0,0","3,0","2,0","0,0",0,0,"0,0","59,68","4,0","7,0","7,0","100,0","4,0","0,0","1,0","0,0","0,0","11,0","2,0","2,0","0,0","0,0","0,0",0,DEF,https://api.sofascore.app/api/v1/player/928236/image,Argentina
Exequiel Palacios,M,822600,7,2,"6,88","7,3","213,0","42,6",0,1,0,0,0,"0,0","92,82","261,0","273,0","10,0","15,0","79,15","17,0","42,0","1,0","2,0","4,0","3,0",0,0,"1,5","107,46","5,7","2,0","2,0","100,0","1,0","4,0","0,0","0,0","0,0","0,0","1,0","0,0","3,0","0,0","0,0",1,MID,https://api.sofascore.app/api/v1/player/822600/image,Argentina
Facundo Medina,D,860307,3,1,"6,83","7,1","134,0","44,67",0,0,0,0,0,"1,0","89,03","83,0","92,0","6,0","11,0","55,0","5,0","10,0","1,0","0,0","3,0","3,0",0,0,"0,0","64,93","3,07","1,0","1,0","100,0","3,0","2,0","0,0","0,0","0,0","1,0","0,0","0,0","2,0","0,0","0,0",0,DEF,https://api.sofascore.app/api/v1/player/860307/image,Argentina
Ángel Correa,F,316152,2,0,"6,8","6,8","10,0","10,0",0,0,0,0,0,"0,0","75,0","3,0","4,0","2,0","2,0","100,0","1,0","0,0","0,0","0,0","2,0","2,0",0,0,"0,0","27,0","9,0","0,0","0,0",,"0,0","0,0","0,0","0,0","0,0","1,0","0,0","0,0","0,0","0,0","0,0",0,FWD,https://api.sofascore.app/api/v1/player/316152/image,Argentina
Lautaro Rivero,D,1835781,2,0,"6,8","6,8","45,0","45,0",0,0,0,0,0,"0,0","90,9","20,0","22,0","2,0","4,0","50,0","3,0","0,0","0,0","0,0","1,0","1,0",0,0,"0,0","40,0","6,0","1,0","1,0","100,0","1,0","0,0","0,0","0,0","0,0","0,0","0,0","0,0","0,0","0,0","0,0",0,DEF,https://api.sofascore.app/api/v1/player/1835781/image,Argentina
Tomás Aranda,M,2050771,1,0,"6,8","6,8","9,0","9,0",0,0,0,1,0,"1,0","90,9","10,0","11,0","1,0","1,0","100,0","1,0","6,0","1,0","0,0","0,0","0,0",0,0,"0,0","100,0","10,0","0,0","0,0",,"0,0","1,0","0,0","0,0","0,0","0,0","0,0","0,0","0,0","0,0","0,0",0,MID,https://api.sofascore.app/api/v1/player/2050771/image,Argentina
Juan Foyth,D,873189,4,1,"6,72","7,0","165,0","41,25",0,0,0,0,0,"0,0","84,4","117,0","124,0","2,0","7,0","22,2","7,0","0,0","1,0","5,0","1,0","1,0",0,0,"0,0","56,25","4,47","0,0","0,0",,"3,0","0,0","0,0","0,0","0,0","5,0","1,0","1,0","0,0","0,0","0,0",0,DEF,https://api.sofascore.app/api/v1/player/873189/image,Argentina
Lucas Martínez Quarta,D,795297,2,0,"6,7","6,7","21,0","21,0",0,0,0,0,0,"0,0","95,5","21,0","22,0","0,0","2,0","0,0","0,0","9,0","0,0","0,0","0,0","0,0",0,0,"0,0","90,0","0,0","0,0","1,0","0,0","1,0","0,0","0,0","0,0","0,0","1,0","0,0","0,0","1,0","0,0","0,0",0,DEF,https://api.sofascore.app/api/v1/player/795297/image,Argentina
Joaquin Panichelli,F,1410925,1,0,"6,7","6,7","9,0","9,0",0,0,0,0,1,"1,0",,"0,0","0,0","0,0","0,0",,"0,0","0,0","0,0","0,0","0,0","0,0",0,0,"0,0","0,0","0,0","0,0","0,0",,"0,0","0,0","0,0","0,0","0,0","1,0","0,0","0,0","0,0","0,0","0,0",0,FWD,https://api.sofascore.app/api/v1/player/1410925/image,Argentina
José Manuel López,F,1094179,7,1,"6,65","7,7","113,0","28,25",0,1,0,2,1,"3,0","81,88","21,0","26,0","3,0","9,0","29,18","0,0","5,0","1,0","0,0","1,0","1,0",0,0,"0,37","15,18","0,0","0,0","1,0","0,0","3,0","1,0","0,0","0,0","0,0","1,0","2,0","1,0","4,0","0,0","0,0",1,FWD,https://api.sofascore.app/api/v1/player/1094179/image,Argentina
Agustín Giay,D,1106603,3,1,"6,65","7,1","111,0","55,5",0,0,0,0,0,"0,0","97,15","55,0","58,0","4,0","9,0","44,4","1,0","15,0","2,0","1,0","3,0","2,0",0,0,"0,0","35,7","0,5","0,0","1,0","0,0","3,0","1,0","0,0","0,0","0,0","1,0","1,0","0,0","0,0","0,0","0,0",0,DEF,https://api.sofascore.app/api/v1/player/1106603/image,Argentina
Máximo Perrone,M,1086286,3,0,"6,65","6,7","26,0","13,0",0,0,0,0,0,"0,0","97,5","27,0","28,0","0,0","1,0","0,0","2,0","6,0","0,0","1,0","0,0","0,0",0,0,"0,0","89,45","7,3","0,0","0,0",,"0,0","0,0","0,0","0,0","0,0","0,0","0,0","0,0","0,0","0,0","0,0",0,MID,https://api.sofascore.app/api/v1/player/1086286/image,Argentina
Gianluca Prestianni,M,1201395,2,0,"6,5","6,5","9,0","9,0",0,0,0,0,0,"0,0","100,0","3,0","3,0","0,0","0,0",,"0,0","0,0","0,0","0,0","0,0","0,0",0,0,"0,0","30,0","0,0","0,0","0,0",,"0,0","0,0","0,0","0,0","0,0","0,0","0,0","0,0","0,0","0,0","0,0",0,MID,https://api.sofascore.app/api/v1/player/1201395/image,Argentina
Santiago Beltrán,G,1485255,1,0,"6,5","6,5","9,0","9,0",0,0,0,0,0,"0,0",,"0,0","0,0","0,0","0,0",,"1,0","0,0","0,0","0,0","0,0","0,0",0,0,"0,0","0,0","10,0","0,0","0,0",,"0,0","0,0","0,0","0,0","0,0","0,0","0,0","0,0","0,0","0,0","0,0",0,GK,https://api.sofascore.app/api/v1/player/1485255/image,Argentina
Juan Musso,G,263651,3,1,"6,5","6,5","97,0","48,5",0,0,0,0,0,"0,0","88,45","19,0","22,0","0,0","0,0",,"2,0","6,0","0,0","0,0","0,0","0,0",0,0,"0,0","30,85","1,1","0,0","0,0",,"0,0","0,0","0,0","0,0","0,0","0,0","0,0","0,0","0,0","0,0","0,0",0,GK,https://api.sofascore.app/api/v1/player/263651/image,Argentina
Franco Mastantuono,F,1403559,6,1,"6,5","6,9","147,0","36,75",0,0,0,0,1,"3,0","89,8","79,0","91,0","7,0","20,0","34,97","6,0","5,0","2,0","1,0","1,0","1,0",0,0,"0,0","43,12","4,88","0,0","0,0",,"3,0","2,0","0,0","0,0","0,0","1,0","8,0","4,0","8,0","0,0","0,0",0,FWD,https://api.sofascore.app/api/v1/player/1403559/image,Argentina
Emiliano Buendía,M,783126,2,0,"6,4","6,4","20,0","20,0",0,0,0,0,0,"0,0","100,0","6,0","6,0","0,0","4,0","0,0","1,0","0,0","1,0","0,0","0,0","0,0",0,0,"0,0","27,0","4,5","0,0","0,0",,"1,0","0,0","0,0","0,0","0,0","0,0","0,0","0,0","0,0","0,0","0,0",0,MID,https://api.sofascore.app/api/v1/player/783126/image,Argentina
Joaquín Freitas,F,2173803,1,0,"6,4","6,4","9,0","9,0",0,0,0,0,0,"0,0","100,0","4,0","4,0","0,0","0,0",,"0,0","1,0","1,0","0,0","0,0","0,0",0,0,"0,0","40,0","0,0","0,0","0,0",,"0,0","0,0","0,0","0,0","0,0","0,0","0,0","0,0","0,0","0,0","0,0",0,FWD,https://api.sofascore.app/api/v1/player/2173803/image,Argentina
Nicolás Capaldo,D,973564,1,0,"6,4","6,4","8,0","8,0",0,0,0,0,0,"0,0","100,0","6,0","6,0","0,0","2,0","0,0","1,0","1,0","0,0","0,0","0,0","0,0",0,0,"0,0","67,5","11,2","0,0","0,0",,"2,0","0,0","0,0","0,0","0,0","0,0","0,0","0,0","1,0","1,0","0,0",0,DEF,https://api.sofascore.app/api/v1/player/973564/image,Argentina
Gabriel Rojas,D,1387300,1,0,"6,3","6,3","21,0","21,0",0,0,0,0,0,"0,0","94,1","16,0","17,0","1,0","2,0","50,0","1,0","2,0","1,0","1,0","0,0","0,0",0,0,"0,0","68,6","4,3","0,0","0,0",,"1,0","1,0","0,0","0,0","0,0","0,0","0,0","0,0","0,0","0,0","0,0",0,DEF,https://api.sofascore.app/api/v1/player/1387300/image,Argentina
Facundo Cambeses,G,836159,1,0,"6,3","6,3","14,0","14,0",0,0,0,0,0,"0,0",,"0,0","0,0","0,0","1,0","0,0","0,0","0,0","0,0","0,0","0,0","0,0",0,0,"0,0","0,0","0,0","0,0","0,0",,"0,0","0,0","0,0","0,0","0,0","0,0","1,0","0,0","0,0","0,0","0,0",0,GK,https://api.sofascore.app/api/v1/player/836159/image,Argentina
Alan Varela,M,1066560,1,0,,,"0,0",,0,0,0,0,0,"0,0",,"0,0","0,0","0,0","0,0",,"0,0","0,0","0,0","0,0","0,0","0,0",0,0,,,,"0,0","0,0",,"0,0","0,0","0,0","0,0","0,0","0,0","0,0","0,0","0,0","0,0","0,0",0,MID,https://api.sofascore.app/api/v1/player/1066560/image,Argentina
Demian Talavera,G,2362482,1,0,,,"0,0",,0,0,0,0,0,"0,0",,"0,0","0,0","0,0","0,0",,"0,0","0,0","0,0","0,0","0,0","0,0",0,0,,,,"0,0","0,0",,"0,0","0,0","0,0","0,0","0,0","0,0","0,0","0,0","0,0","0,0","0,0",0,GK,https://api.sofascore.app/api/v1/player/2362482/image,Argentina
Enzo Barrenechea,M,1087316,1,0,,,"0,0",,0,0,0,0,0,"0,0",,"0,0","0,0","0,0","0,0",,"0,0","0,0","0,0","0,0","0,0","0,0",0,0,,,,"0,0","0,0",,"0,0","0,0","0,0","0,0","0,0","0,0","0,0","0,0","0,0","0,0","0,0",0,MID,https://api.sofascore.app/api/v1/player/1087316/image,Argentina
Ignacio Ovando,D,2048634,1,0,,,"0,0",,0,0,0,0,0,"0,0",,"0,0","0,0","0,0","0,0",,"0,0","0,0","0,0","0,0","0,0","0,0",0,0,,,,"0,0","0,0",,"0,0","0,0","0,0","0,0","0,0","0,0","0,0","0,0","0,0","0,0","0,0",0,DEF,https://api.sofascore.app/api/v1/player/2048634/image,Argentina
Kevin Lomónaco,D,1003014,1,0,,,"0,0",,0,0,0,0,0,"0,0",,"0,0","0,0","0,0","0,0",,"0,0","0,0","0,0","0,0","0,0","0,0",0,0,,,,"0,0","0,0",,"0,0","0,0","0,0","0,0","0,0","0,0","0,0","0,0","0,0","0,0","0,0",0,DEF,https://api.sofascore.app/api/v1/player/1003014/image,Argentina
Simon Escobar,D,2199217,1,0,,,"0,0",,0,0,0,0,0,"0,0",,"0,0","0,0","0,0","0,0",,"0,0","0,0","0,0","0,0","0,0","0,0",0,0,,,,"0,0","0,0",,"0,0","0,0","0,0","0,0","0,0","0,0","0,0","0,0","0,0","0,0","0,0",0,DEF,https://api.sofascore.app/api/v1/player/2199217/image,Argentina
Walter Benítez,G,249859,6,0,,,"0,0",,0,0,0,0,0,"0,0",,"0,0","0,0","0,0","0,0",,"0,0","0,0","0,0","0,0","0,0","0,0",0,0,,,,"0,0","0,0",,"0,0","0,0","0,0","0,0","0,0","0,0","0,0","0,0","0,0","0,0","0,0",0,GK,https://api.sofascore.app/api/v1/player/249859/image,Argentina
Lamine Yamal,M,1402912,5,5,"8,22","9,7","350,0","70,0",2,3,0,6,4,"18,0","83,98","132,0","163,0","37,0","60,0","55,96","24,0","28,0","11,0","4,0","11,0","4,0",0,0,"1,12","34,02","5,6","0,0","0,0",,"4,0","6,0","3,0","5,0","1,0","0,0","32,0","20,0","8,0","3,0","0,0",5,MID,https://api.sofascore.app/api/v1/player/1402912/image,España
Mikel Oyarzabal,F,823622,9,8,"7,96","8,9","586,0","73,25",8,6,0,14,5,"23,0","80,24","132,0","161,0","16,0","37,0","40,54","12,0","13,0","0,0","0,0","5,0","3,0",0,0,"2,22","19,55","1,82","2,0","8,0","30,0","8,0","2,0","6,0","8,0","1,0","2,0","9,0","7,0","12,0","1,0","0,0",14,FWD,https://api.sofascore.app/api/v1/player/823622/image,España
Mikel Merino,M,592010,8,7,"7,81","10,0","578,0","72,25",7,0,0,10,6,"25,0","87,64","250,0","285,0","40,0","77,0","51,96","31,0","6,0","2,0","3,0","13,0","8,0",0,0,"0,88","41,72","5,29","9,0","17,0","58,58","15,0","16,0","4,0","4,0","1,0","6,0","2,0","2,0","13,0","0,0","0,0",7,MID,https://api.sofascore.app/api/v1/player/592010/image,España
Pedri,M,992587,7,6,"7,8","9,4","455,0","65,0",3,0,0,6,4,"11,0","91,06","464,0","506,0","13,0","27,0","50,69","24,0","55,0","8,0","3,0","7,0","4,0",0,0,"0,58","90,19","4,96","1,0","1,0","100,0","1,0","4,0","3,0","2,0","1,0","2,0","4,0","1,0","5,0","0,0","0,0",3,MID,https://api.sofascore.app/api/v1/player/992587/image,España
Dean Huijsen,D,1176744,5,4,"7,5","8,2","360,0","90,0",0,0,0,0,2,"2,0","89,15","292,0","326,0","11,0","21,0","56,25","15,0","56,0","0,0","6,0","6,0","4,0",0,0,"0,0","73,0","3,75","4,0","9,0","47,92","5,0","0,0","0,0","1,0","0,0","20,0","2,0","1,0","1,0","0,0","0,0",0,DEF,https://api.sofascore.app/api/v1/player/1176744/image,España
Aymeric Laporte,D,149734,6,5,"7,48","7,8","405,0","81,0",0,0,0,1,0,"2,0","97,12","505,0","519,0","12,0","18,0","68,75","13,0","87,0","1,0","4,0","4,0","3,0",0,0,"0,0","113,4","2,8","5,0","9,0","66,65","1,0","3,0","0,0","0,0","0,0","9,0","0,0","0,0","3,0","0,0","0,0",0,DEF,https://api.sofascore.app/api/v1/player/149734/image,España
Pedro Porro,D,913654,10,8,"7,44","9,1","615,0","76,88",0,1,0,0,4,"7,0","85,84","370,0","426,0","32,0","55,0","59,38","27,0","37,0","42,0","7,0","21,0","14,0",0,0,"0,12","54,81","3,89","5,0","10,0","44,45","8,0","3,0","0,0","7,0","1,0","12,0","7,0","3,0","4,0","0,0","0,0",1,DEF,https://api.sofascore.app/api/v1/player/913654/image,España
Alejandro Grimaldo,M,177177,9,3,"7,4","8,0","225,0","75,0",0,1,0,1,1,"3,0","91,9","152,0","163,0","8,0","15,0","69,43","9,0","40,0","28,0","2,0","4,0","1,0",0,0,"0,33","59,0","3,33","2,0","3,0","50,0","0,0","2,0","0,0","1,0","1,0","0,0","2,0","0,0","3,0","1,0","0,0",1,MID,https://api.sofascore.app/api/v1/player/177177/image,España
Nico Williams,M,1085400,3,3,"7,37","8,4","179,0","59,67",1,2,0,6,2,"10,0","85,63","65,0","73,0","2,0","9,0","16,67","10,0","0,0","1,0","0,0","0,0","0,0",0,0,"1,62","31,3","5,0","0,0","1,0","0,0","3,0","1,0","3,0","2,0","0,0","0,0","1,0","1,0","5,0","0,0","0,0",3,MID,https://api.sofascore.app/api/v1/player/1085400/image,España
Cristhian Mosquera,D,1144630,2,1,"7,35","8,0","100,0","50,0",0,0,0,0,1,"1,0","91,9","107,0","110,0","4,0","4,0","100,0","4,0","64,0","0,0","1,0","0,0","0,0",0,0,"0,0","77,5","6,0","3,0","3,0","100,0","0,0","2,0","1,0","0,0","0,0","1,0","0,0","0,0","0,0","0,0","0,0",0,DEF,https://api.sofascore.app/api/v1/player/1144630/image,España
Marc Cucurella,D,794939,9,7,"7,3","8,0","630,0","90,0",1,1,0,1,0,"2,0","90,13","388,0","425,0","20,0","43,0","42,07","27,0","19,0","6,0","7,0","9,0","3,0",0,0,"0,29","55,43","3,86","6,0","11,0","54,17","9,0","5,0","0,0","2,0","0,0","15,0","0,0","0,0","4,0","1,0","0,0",2,DEF,https://api.sofascore.app/api/v1/player/794939/image,España
Martín Zubimendi,M,966837,8,6,"7,3","8,0","472,0","67,43",1,1,0,1,4,"7,0","95,24","420,0","445,0","17,0","27,0","68,05","18,0","6,0","2,0","4,0","8,0","5,0",0,0,"0,35","83,44","3,24","7,0","7,0","100,0","3,0","1,0","1,0","2,0","0,0","8,0","1,0","1,0","2,0","1,0","0,0",2,MID,https://api.sofascore.app/api/v1/player/966837/image,España
Robin Le Normand,D,787751,5,5,"7,28","8,2","373,0","74,6",0,2,0,1,1,"2,0","96,52","308,0","315,0","17,0","30,0","61,1","17,0","0,0","0,0","1,0","4,0","2,0",0,0,"0,45","74,8","4,42","9,0","16,0","60,82","4,0","3,0","0,0","2,0","0,0","11,0","3,0","1,0","1,0","0,0","0,0",2,DEF,https://api.sofascore.app/api/v1/player/787751/image,España
Pau Cubarsí,D,1402913,10,4,"7,26","7,6","398,0","79,6",0,1,0,1,0,"1,0","97,32","461,0","473,0","10,0","22,0","37,42","15,0","56,0","0,0","2,0","4,0","2,0",0,0,"0,22","104,34","3,62","6,0","13,0","32,0","4,0","0,0","0,0","0,0","0,0","11,0","0,0","0,0","0,0","0,0","0,0",1,DEF,https://api.sofascore.app/api/v1/player/1402913/image,España
Victor Muñoz,F,1145642,2,0,"7,25","7,7","72,0","36,0",1,0,0,2,0,"3,0","80,4","33,0","41,0","4,0","6,0","75,0","3,0","21,0","1,0","1,0","2,0","0,0",0,0,"1,66","47,0","5,0","0,0","0,0",,"1,0","1,0","0,0","1,0","0,0","0,0","2,0","1,0","1,0","0,0","0,0",1,FWD,https://api.sofascore.app/api/v1/player/1145642/image,España
Alex Baena,M,910031,8,4,"7,23","7,7","352,0","58,67",0,0,0,5,5,"14,0","83,97","197,0","233,0","9,0","21,0","39,06","12,0","39,0","36,0","1,0","3,0","1,0",0,0,"0,0","54,65","2,67","0,0","2,0","0,0","3,0","3,0","0,0","3,0","2,0","3,0","5,0","3,0","5,0","2,0","0,0",0,MID,https://api.sofascore.app/api/v1/player/910031/image,España
Eric García,D,876214,1,0,"7,2","7,2","45,0","45,0",0,0,0,0,0,"0,0","98,3","57,0","58,0","0,0","1,0","0,0","0,0","31,0","0,0","0,0","0,0","0,0",0,0,"0,0","114,0","0,0","0,0","0,0",,"1,0","0,0","0,0","0,0","0,0","2,0","0,0","0,0","0,0","0,0","0,0",0,DEF,https://api.sofascore.app/api/v1/player/876214/image,España
Ander Barrenetxea,M,966862,2,1,"7,2","7,2","73,0","73,0",0,0,0,0,1,"1,0","87,1","27,0","31,0","5,0","6,0","83,3","6,0","17,0","3,0","1,0","0,0","0,0",0,0,"0,0","33,3","7,4","1,0","1,0","100,0","1,0","0,0","0,0","1,0","0,0","0,0","4,0","4,0","1,0","0,0","0,0",0,MID,https://api.sofascore.app/api/v1/player/966862/image,España
Marc Pubill,D,1094106,1,0,"7,2","7,2","31,0","31,0",0,0,0,0,0,"0,0","95,2","40,0","42,0","2,0","2,0","100,0","3,0","19,0","0,0","0,0","1,0","1,0",0,0,"0,0","116,1","8,7","1,0","1,0","100,0","0,0","0,0","0,0","0,0","0,0","1,0","0,0","0,0","0,0","0,0","0,0",0,DEF,https://api.sofascore.app/api/v1/player/1094106/image,España
Pablo Gavi,M,1103693,2,1,"7,1","7,1","60,0","30,0",0,0,0,0,0,"0,0","87,5","35,0","40,0","10,0","16,0","62,5","6,0","21,0","0,0","1,0","2,0","1,0",0,0,"0,0","26,7","4,6","0,0","1,0","0,0","3,0","2,0","0,0","0,0","0,0","0,0","7,0","6,0","1,0","0,0","0,0",0,MID,https://api.sofascore.app/api/v1/player/1103693/image,España
Beñat Turrientes,M,980410,1,0,"7,1","7,1","31,0","31,0",0,0,0,0,0,"0,0","96,2","25,0","26,0","2,0","3,0","66,7","2,0","9,0","0,0","0,0","1,0","0,0",0,0,"0,0","72,6","5,8","1,0","1,0","100,0","0,0","0,0","0,0","0,0","0,0","0,0","0,0","0,0","0,0","0,0","0,0",0,MID,https://api.sofascore.app/api/v1/player/980410/image,España
Unai Simón,G,797291,10,8,"7,1","7,4","720,0","90,0",0,0,0,0,0,"0,0","90,22","150,0","171,0","2,0","2,0","100,0","60,0","15,0","0,0","0,0","0,0","0,0",0,0,"0,0","18,75","7,5","1,0","1,0","100,0","0,0","1,0","0,0","0,0","0,0","3,0","0,0","0,0","0,0","0,0","18,0",0,GK,https://api.sofascore.app/api/v1/player/797291/image,España
Aleix García,M,796047,6,1,"7,07","7,2","126,0","42,0",0,0,0,0,1,"1,0","94,27","160,0","171,0","3,0","8,0","16,67","4,0","0,0","7,0","1,0","0,0","0,0",0,0,"0,0","174,1","4,33","3,0","4,0","75,0","1,0","0,0","0,0","0,0","0,0","0,0","0,0","0,0","0,0","0,0","0,0",0,MID,https://api.sofascore.app/api/v1/player/796047/image,España
Marcos Llorente,D,353138,7,2,"7,05","7,3","240,0","60,0",0,0,0,0,0,"0,0","92,4","195,0","206,0","8,0","10,0","80,57","14,0","33,0","6,0","0,0","6,0","5,0",0,0,"0,0","80,5","5,75","0,0","1,0","0,0","0,0","0,0","0,0","0,0","0,0","4,0","2,0","2,0","1,0","1,0","0,0",0,DEF,https://api.sofascore.app/api/v1/player/353138/image,España
Rodri,M,827606,4,1,"6,98","7,4","167,0","41,75",0,0,0,1,2,"3,0","90,42","207,0","227,0","11,0","24,0","41,68","14,0","56,0","0,0","4,0","6,0","3,0",0,0,"0,0","110,9","7,48","3,0","7,0","41,65","6,0","2,0","0,0","0,0","0,0","2,0","0,0","0,0","2,0","0,0","0,0",0,MID,https://api.sofascore.app/api/v1/player/827606/image,España
Ferran Torres,F,855833,8,4,"6,97","8,0","395,0","56,43",3,2,0,10,5,"21,0","85,7","111,0","134,0","7,0","29,0","26,33","9,0","22,0","13,0","1,0","0,0","0,0",0,0,"1,36","27,57","1,9","1,0","4,0","25,0","3,0","4,0","4,0","2,0","1,0","2,0","8,0","2,0","10,0","2,0","0,0",5,FWD,https://api.sofascore.app/api/v1/player/855833/image,España
Fermín López,M,1153270,7,1,"6,96","7,5","156,0","31,2",0,1,0,2,0,"5,0","89,52","92,0","101,0","17,0","26,0","65,62","4,0","23,0","3,0","1,0","4,0","1,0",0,0,"0,4","52,24","2,56","0,0","0,0",,"4,0","5,0","1,0","0,0","0,0","1,0","12,0","8,0","2,0","1,0","0,0",1,MID,https://api.sofascore.app/api/v1/player/1153270/image,España
Pablo Barrios,M,1142588,4,0,"6,9","7,0","65,0","21,67",0,0,0,0,1,"2,0","94,9","77,0","81,0","4,0","9,0","45,0","7,0","0,0","0,0","0,0","3,0","2,0",0,0,"0,0","118,0","9,6","0,0","1,0","0,0","1,0","0,0","0,0","1,0","0,0","0,0","1,0","1,0","0,0","0,0","0,0",0,MID,https://api.sofascore.app/api/v1/player/1142588/image,España
Yéremy Pino,F,984624,8,2,"6,9","7,7","238,0","34,0",1,0,0,3,3,"11,0","84,33","126,0","151,0","13,0","33,0","38,43","12,0","23,0","6,0","4,0","11,0","7,0",0,0,"0,2","49,24","3,51","0,0","2,0","0,0","4,0","1,0","2,0","2,0","0,0","0,0","6,0","1,0","9,0","4,0","0,0",1,FWD,https://api.sofascore.app/api/v1/player/984624/image,España
Fabián Ruiz,M,784655,3,2,"6,87","7,6","171,0","57,0",0,1,0,1,0,"3,0","93,23","130,0","140,0","4,0","9,0","46,67","7,0","0,0","4,0","1,0","2,0","0,0",0,0,"0,48","64,6","3,97","1,0","1,0","100,0","2,0","1,0","1,0","1,0","0,0","2,0","1,0","0,0","3,0","0,0","0,0",1,MID,https://api.sofascore.app/api/v1/player/784655/image,España
Marc Bernal,M,1526618,1,1,"6,8","6,8","59,0","59,0",0,0,0,0,0,"0,0","79,5","31,0","39,0","6,0","7,0","85,7","5,0","11,0","0,0","2,0","4,0","4,0",0,0,"0,0","47,3","7,6","2,0","2,0","100,0","1,0","0,0","0,0","0,0","0,0","1,0","0,0","0,0","1,0","0,0","0,0",0,MID,https://api.sofascore.app/api/v1/player/1526618/image,España
Sergio Gómez,D,855835,1,0,"6,8","6,8","45,0","45,0",0,0,0,0,0,"0,0","93,9","31,0","33,0","1,0","1,0","100,0","3,0","8,0","2,0","0,0","1,0","1,0",0,0,"0,0","62,0","6,0","0,0","0,0",,"0,0","0,0","0,0","0,0","0,0","2,0","0,0","0,0","0,0","0,0","0,0",0,DEF,https://api.sofascore.app/api/v1/player/855835/image,España
Jon Martin,D,1466116,1,1,"6,8","6,8","59,0","59,0",0,0,0,0,1,"1,0","96,2","77,0","80,0","2,0","3,0","66,7","4,0","38,0","0,0","1,0","1,0","1,0",0,0,"0,0","117,5","6,1","1,0","2,0","50,0","0,0","0,0","0,0","0,0","0,0","1,0","0,0","0,0","0,0","0,0","0,0",0,DEF,https://api.sofascore.app/api/v1/player/1466116/image,España
Jesús Rodriguez,M,1800245,4,0,"6,75","6,9","56,0","28,0",0,0,0,0,1,"1,0","88,65","29,0","33,0","4,0","5,0","80,0","2,0","13,0","3,0","0,0","1,0","1,0",0,0,"0,0","59,9","2,0","0,0","0,0",,"0,0","1,0","0,0","0,0","0,0","1,0","3,0","2,0","4,0","0,0","0,0",0,MID,https://api.sofascore.app/api/v1/player/1800245/image,España
Dani Olmo,M,789071,8,3,"6,72","7,9","254,0","42,33",1,1,0,6,1,"9,0","89,25","137,0","154,0","5,0","23,0","34,33","12,0","36,0","3,0","0,0","1,0","0,0",0,0,"0,54","45,97","4,18","0,0","1,0","0,0","4,0","3,0","2,0","2,0","0,0","0,0","7,0","1,0","6,0","0,0","0,0",2,MID,https://api.sofascore.app/api/v1/player/789071/image,España
Jorge de Frutos,F,900003,3,0,"6,7","6,7","22,0","22,0",0,0,0,0,0,"0,0","100,0","8,0","8,0","0,0","0,0",,"1,0","0,0","0,0","0,0","0,0","0,0",0,0,"0,0","32,7","4,1","0,0","0,0",,"0,0","0,0","0,0","0,0","0,0","0,0","0,0","0,0","1,0","0,0","0,0",0,FWD,https://api.sofascore.app/api/v1/player/900003/image,España
David Raya,G,581310,9,1,"6,7","6,7","62,0","62,0",0,0,0,0,0,"0,0","90,9","10,0","11,0","0,0","0,0",,"3,0","2,0","0,0","0,0","0,0","0,0",0,0,"0,0","14,5","4,4","0,0","0,0",,"0,0","0,0","0,0","0,0","0,0","0,0","0,0","0,0","0,0","0,0","1,0",0,GK,https://api.sofascore.app/api/v1/player/581310/image,España
Dani Carvajal,D,138572,2,0,"6,7","6,7","28,0","28,0",0,0,0,0,0,"0,0","100,0","25,0","25,0","1,0","2,0","50,0","3,0","0,0","2,0","0,0","0,0","0,0",0,0,"0,0","80,4","9,6","0,0","0,0",,"0,0","1,0","0,0","0,0","0,0","0,0","1,0","0,0","0,0","0,0","0,0",0,DEF,https://api.sofascore.app/api/v1/player/138572/image,España
Javier Guerra,M,1122610,1,0,"6,7","6,7","31,0","31,0",0,0,0,0,0,"0,0","89,5","17,0","19,0","4,0","7,0","57,1","3,0","11,0","0,0","0,0","2,0","0,0",0,0,"0,0","49,4","8,7","0,0","0,0",,"2,0","0,0","0,0","0,0","0,0","0,0","2,0","2,0","2,0","0,0","0,0",0,MID,https://api.sofascore.app/api/v1/player/1122610/image,España
Javi Rodríguez,D,1526627,1,0,"6,7","6,7","17,0","17,0",0,0,0,0,0,"0,0","84,2","16,0","19,0","0,0","0,0",,"2,0","5,0","0,0","0,0","0,0","0,0",0,0,"0,0","84,7","10,6","0,0","0,0",,"0,0","0,0","0,0","0,0","0,0","0,0","0,0","0,0","0,0","0,0","0,0",0,DEF,https://api.sofascore.app/api/v1/player/1526627/image,España
Pablo Fornals,M,816763,4,1,"6,6","6,7","105,0","35,0",0,0,0,0,0,"1,0","88,03","73,0","82,0","1,0","9,0","10,0","4,0","30,0","1,0","1,0","1,0","0,0",0,0,"0,0","56,67","4,0","0,0","1,0","0,0","0,0","0,0","0,0","1,0","0,0","0,0","2,0","0,0","0,0","0,0","0,0",0,MID,https://api.sofascore.app/api/v1/player/816763/image,España
Leo Román,G,1131909,1,0,"6,5","6,5","17,0","17,0",0,0,0,0,0,"0,0","100,0","4,0","4,0","0,0","0,0",,"0,0","1,0","0,0","0,0","0,0","0,0",0,0,"0,0","21,2","0,0","0,0","0,0",,"0,0","0,0","0,0","0,0","0,0","0,0","0,0","0,0","0,0","0,0","0,0",0,GK,https://api.sofascore.app/api/v1/player/1131909/image,España
Borja Iglesias,F,785989,7,1,"6,42","6,8","162,0","32,4",0,0,0,3,3,"7,0","69,4","27,0","38,0","1,0","3,0","33,33","5,0","10,0","1,0","0,0","0,0","0,0",0,0,"0,0","14,16","2,48","0,0","1,0","0,0","0,0","1,0","3,0","0,0","0,0","1,0","0,0","0,0","1,0","2,0","0,0",0,FWD,https://api.sofascore.app/api/v1/player/785989/image,España
Álvaro Morata,F,125407,3,0,"6,4","6,4","17,0","17,0",0,0,0,0,0,"0,0","75,0","3,0","4,0","0,0","2,0","0,0","1,0","0,0","0,0","0,0","0,0","0,0",0,0,"0,0","15,9","5,3","0,0","0,0",,"1,0","0,0","0,0","0,0","0,0","1,0","1,0","0,0","0,0","2,0","0,0",0,FWD,https://api.sofascore.app/api/v1/player/125407/image,España
Carlos Soler,M,832427,2,1,"6,4","6,4","45,0","45,0",0,0,0,0,0,"0,0","90,0","36,0","40,0","0,0","4,0","0,0","4,0","14,0","2,0","0,0","0,0","0,0",0,0,"0,0","72,0","8,0","0,0","1,0","0,0","1,0","0,0","0,0","0,0","0,0","0,0","0,0","0,0","0,0","0,0","0,0",0,MID,https://api.sofascore.app/api/v1/player/832427/image,España
Samu Aghehowa,F,1503836,4,1,"6,2","6,4","86,0","28,67",0,0,0,3,2,"7,0","75,47","12,0","16,0","4,0","12,0","47,23","2,0","0,0","0,0","0,0","0,0","0,0",0,0,"0,0","15,77","2,13","3,0","5,0","66,67","2,0","1,0","4,0","0,0","0,0","0,0","1,0","0,0","1,0","1,0","0,0",0,FWD,https://api.sofascore.app/api/v1/player/1503836/image,España
Gonzalo García,F,1402716,1,0,"6,1","6,1","45,0","45,0",0,0,0,0,1,"1,0","75,0","3,0","4,0","1,0","3,0","33,3","2,0","3,0","0,0","1,0","1,0","1,0",0,0,"0,0","6,0","4,0","0,0","0,0",,"0,0","0,0","1,0","0,0","0,0","1,0","2,0","0,0","1,0","0,0","0,0",0,FWD,https://api.sofascore.app/api/v1/player/1402716/image,España
Joan García,G,930267,2,1,"6,1","6,6","101,0","50,5",0,0,0,0,0,"0,0","100,0","31,0","31,0","0,0","0,0",,"6,0","12,0","0,0","0,0","0,0","0,0",0,0,"0,0","24,1","5,65","0,0","0,0",,"0,0","0,0","0,0","0,0","0,0","1,0","0,0","0,0","0,0","0,0","1,0",0,GK,https://api.sofascore.app/api/v1/player/930267/image,España
Dani Vivian,D,910978,5,0,"6,0","6,6","32,0","16,0",0,0,0,0,0,"0,0","94,4","17,0","18,0","0,0","1,0","0,0","0,0","0,0","0,0","0,0","0,0","0,0",0,0,"0,0","40,25","0,0","0,0","0,0",,"1,0","0,0","0,0","0,0","0,0","1,0","0,0","0,0","0,0","0,0","0,0",0,DEF,https://api.sofascore.app/api/v1/player/910978/image,España
Isco,M,103417,1,0,,,"0,0",,0,0,0,0,0,"0,0",,"0,0","0,0","0,0","0,0",,"0,0","0,0","0,0","0,0","0,0","0,0",0,0,,,,"0,0","0,0",,"0,0","0,0","0,0","0,0","0,0","0,0","0,0","0,0","0,0","0,0","0,0",0,MID,https://api.sofascore.app/api/v1/player/103417/image,España
Álex Remiro,G,791773,9,0,,,"0,0",,0,0,0,0,0,"0,0",,"0,0","0,0","0,0","0,0",,"0,0","0,0","0,0","0,0","0,0","0,0",0,0,,,,"0,0","0,0",,"0,0","0,0","0,0","0,0","0,0","0,0","0,0","0,0","0,0","0,0","0,0",0,GK,https://api.sofascore.app/api/v1/player/791773/image,España
Óscar Mingueza,M,859773,1,0,,,"0,0",,0,0,0,0,0,"0,0",,"0,0","0,0","0,0","0,0",,"0,0","0,0","0,0","0,0","0,0","0,0",0,0,,,,"0,0","0,0",,"0,0","0,0","0,0","0,0","0,0","0,0","0,0","0,0","0,0","0,0","0,0",0,MID,https://api.sofascore.app/api/v1/player/859773/image,España
Victor Guzmán,D,1002375,3,1,"7,6","7,6","90,0","90,0",0,0,0,0,1,"1,0","94,2","81,0","86,0","6,0","6,0","100,0","3,0","29,0","0,0","1,0","2,0","2,0",0,0,"0,0","81,0","3,0","3,0","3,0","100,0","0,0","0,0","0,0","0,0","0,0","0,0","1,0","1,0","1,0","0,0","0,0",0,DEF,https://api.sofascore.app/api/v1/player/1002375/image,México
Carlos Acevedo,G,840519,10,0,"7,5","7,5","45,0","45,0",0,0,0,0,0,"0,0","81,8","9,0","11,0","0,0","0,0",,"4,0","2,0","0,0","0,0","0,0","0,0",0,0,"0,0","18,0","8,0","0,0","0,0",,"0,0","0,0","0,0","0,0","0,0","0,0","0,0","0,0","0,0","0,0","3,0",0,GK,https://api.sofascore.app/api/v1/player/840519/image,México
Luis Malagón,G,830240,5,1,"7,5","7,5","90,0","90,0",0,0,0,0,0,"0,0","91,4","32,0","35,0","1,0","1,0","100,0","12,0","0,0","0,0","0,0","0,0","0,0",0,0,"0,0","32,0","12,0","1,0","1,0","100,0","0,0","0,0","0,0","0,0","0,0","3,0","0,0","0,0","0,0","0,0","5,0",0,GK,https://api.sofascore.app/api/v1/player/830240/image,México
Bryan González,D,1002384,2,1,"7,5","7,5","85,0","85,0",0,0,0,0,0,"0,0","89,1","41,0","46,0","7,0","11,0","63,6","2,0","9,0","6,0","1,0","2,0","2,0",0,0,"0,0","43,4","2,1","3,0","4,0","75,0","1,0","2,0","0,0","1,0","0,0","1,0","0,0","0,0","5,0","1,0","0,0",0,DEF,https://api.sofascore.app/api/v1/player/1002384/image,México
Brian Gutiérrez,M,1023088,8,6,"7,3","8,1","421,0","60,14",2,1,0,6,4,"18,0","85,86","157,0","176,0","21,0","34,0","60,36","14,0","55,0","22,0","0,0","7,0","6,0",0,0,"0,55","33,36","3,37","4,0","4,0","100,0","6,0","2,0","4,0","2,0","0,0","1,0","10,0","8,0","4,0","1,0","0,0",3,MID,https://api.sofascore.app/api/v1/player/1023088/image,México
Johan Vásquez,D,889785,6,5,"7,3","8,0","447,0","74,5",2,0,0,3,0,"4,0","91,35","343,0","371,0","25,0","39,0","59,77","19,0","102,0","1,0","8,0","8,0","6,0",0,0,"0,41","74,77","4,42","10,0","14,0","68,34","7,0","7,0","0,0","0,0","0,0","10,0","0,0","0,0","0,0","0,0","0,0",2,DEF,https://api.sofascore.app/api/v1/player/889785/image,México
Richard Ledezma,M,985176,5,2,"7,23","7,7","186,0","62,0",1,0,0,1,0,"2,0","66,97","84,0","97,0","7,0","13,0","58,77","6,0","20,0","8,0","0,0","2,0","1,0",0,0,"0,45","32,43","2,9","3,0","5,0","50,0","2,0","2,0","0,0","2,0","0,0","1,0","1,0","0,0","0,0","0,0","0,0",1,MID,https://api.sofascore.app/api/v1/player/985176/image,México
Luis Chávez,M,757770,3,1,"7,13","7,6","119,0","39,67",1,0,0,1,3,"6,0","87,53","75,0","84,0","4,0","9,0","33,33","5,0","34,0","6,0","0,0","2,0","2,0",0,0,"0,97","55,47","4,1","1,0","4,0","33,33","0,0","1,0","0,0","1,0","0,0","3,0","1,0","0,0","1,0","0,0","0,0",1,MID,https://api.sofascore.app/api/v1/player/757770/image,México
Israel Reyes,D,989236,10,6,"7,1","7,6","512,0","56,89",0,0,0,1,1,"2,0","87,56","265,0","301,0","25,0","37,0","67,59","21,0","73,0","2,0","7,0","11,0","8,0",0,0,"0,0","48,1","4,33","11,0","17,0","61,43","5,0","2,0","0,0","0,0","0,0","14,0","2,0","2,0","1,0","0,0","0,0",0,DEF,https://api.sofascore.app/api/v1/player/989236/image,México
Eduardo Águila,D,1392153,3,1,"7,1","7,3","118,0","59,0",0,0,0,0,0,"0,0","95,75","106,0","114,0","6,0","9,0","81,25","3,0","35,0","0,0","1,0","2,0","2,0",0,0,"0,0","75,15","2,6","2,0","3,0","66,7","2,0","1,0","0,0","0,0","0,0","4,0","1,0","1,0","0,0","0,0","0,0",0,DEF,https://api.sofascore.app/api/v1/player/1392153/image,México
Jorge Sánchez,D,832868,7,4,"7,06","7,7","307,0","61,4",1,0,0,1,0,"1,0","88,96","172,0","192,0","16,0","25,0","54,2","19,0","45,0","5,0","1,0","15,0","13,0",0,0,"0,26","53,34","5,72","0,0","2,0","0,0","4,0","1,0","0,0","0,0","0,0","4,0","0,0","0,0","2,0","0,0","0,0",1,DEF,https://api.sofascore.app/api/v1/player/832868/image,México
Everardo López,D,1199256,5,2,"7,0","7,9","192,0","64,0",0,1,0,0,0,"0,0","92,6","124,0","135,0","6,0","11,0","50,0","2,0","50,0","0,0","2,0","2,0","2,0",0,0,"0,33","41,33","0,67","4,0","6,0","58,33","1,0","0,0","0,0","1,0","0,0","5,0","0,0","0,0","1,0","0,0","0,0",1,DEF,https://api.sofascore.app/api/v1/player/1199256/image,México
Roberto Alvarado,F,865500,9,6,"6,99","7,4","439,0","54,88",0,0,0,5,2,"8,0","78,66","178,0","214,0","19,0","39,0","48,31","14,0","82,0","21,0","1,0","15,0","9,0",0,0,"0,0","36,54","3,32","1,0","2,0","50,0","3,0","3,0","0,0","2,0","0,0","2,0","6,0","0,0","8,0","0,0","0,0",0,FWD,https://api.sofascore.app/api/v1/player/865500/image,México
Raúl Rangel,G,990408,10,9,"6,97","7,6","720,0","80,0",0,0,0,0,0,"0,0","83,91","210,0","255,0","2,0","2,0","100,0","57,0","37,0","0,0","0,0","0,0","0,0",0,0,"0,0","26,56","6,78","0,0","0,0",,"0,0","2,0","0,0","0,0","0,0","8,0","0,0","0,0","0,0","0,0","12,0",0,GK,https://api.sofascore.app/api/v1/player/990408/image,México
Jesús Gallardo,D,770253,10,7,"6,97","8,9","625,0","62,5",1,0,0,1,3,"4,0","79,62","274,0","337,0","26,0","59,0","28,69","21,0","77,0","18,0","6,0","13,0","7,0",0,0,"0,1","41,9","3,05","11,0","20,0","46,25","12,0","2,0","0,0","1,0","0,0","11,0","3,0","1,0","7,0","3,0","0,0",1,DEF,https://api.sofascore.app/api/v1/player/770253/image,México
Luis Romo,D,1172773,5,3,"6,94","7,2","260,0","52,0",0,1,0,0,0,"1,0","94,18","216,0","232,0","9,0","16,0","45,34","7,0","58,0","0,0","2,0","6,0","3,0",0,0,"0,29","70,42","3,14","2,0","4,0","50,0","2,0","0,0","0,0","0,0","0,0","8,0","2,0","1,0","1,0","0,0","0,0",1,DEF,https://api.sofascore.app/api/v1/player/1172773/image,México
Orbelín Pineda,M,850404,7,3,"6,92","7,9","246,0","49,2",0,0,0,0,0,"1,0","88,94","77,0","88,0","20,0","35,0","56,78","10,0","23,0","3,0","2,0","8,0","6,0",0,0,"0,0","28,72","2,88","1,0","5,0","11,1","3,0","11,0","0,0","0,0","0,0","0,0","4,0","0,0","12,0","0,0","0,0",0,MID,https://api.sofascore.app/api/v1/player/850404/image,México
Jesús Gómez,D,972391,2,1,"6,9","7,2","78,0","39,0",0,0,0,0,0,"0,0","93,0","57,0","60,0","1,0","3,0","33,3","2,0","27,0","0,0","1,0","1,0","1,0",0,0,"0,0","60,15","1,45","0,0","0,0",,"2,0","0,0","0,0","0,0","0,0","0,0","0,0","0,0","1,0","0,0","0,0",0,DEF,https://api.sofascore.app/api/v1/player/972391/image,México
Gilberto Mora,M,1914576,5,2,"6,86","7,1","219,0","43,8",0,0,0,2,3,"7,0","95,62","84,0","88,0","15,0","26,0","65,84","11,0","27,0","5,0","2,0","2,0","2,0",0,0,"0,0","34,52","4,52","0,0","2,0","0,0","2,0","10,0","1,0","1,0","1,0","0,0","7,0","3,0","5,0","1,0","0,0",0,MID,https://api.sofascore.app/api/v1/player/1914576/image,México
Marcel Ruíz,M,942167,5,5,"6,84","7,1","337,0","67,4",0,0,0,0,3,"4,0","88,7","130,0","148,0","27,0","48,0","58,1","12,0","23,0","1,0","2,0","8,0","5,0",0,0,"0,0","35,14","3,2","2,0","8,0","33,33","10,0","17,0","1,0","0,0","0,0","3,0","0,0","0,0","4,0","1,0","0,0",0,MID,https://api.sofascore.app/api/v1/player/942167/image,México
Jesus Garza,D,991427,1,0,"6,8","6,8","24,0","24,0",0,0,0,0,0,"0,0","83,3","10,0","12,0","2,0","2,0","100,0","1,0","3,0","1,0","0,0","2,0","1,0",0,0,"0,0","37,5","3,8","0,0","0,0",,"0,0","0,0","0,0","0,0","0,0","0,0","0,0","0,0","1,0","0,0","0,0",0,DEF,https://api.sofascore.app/api/v1/player/991427/image,México
Efrain Alvarez,F,931736,1,1,"6,8","6,8","57,0","57,0",0,0,0,0,0,"0,0","87,5","28,0","32,0","2,0","2,0","100,0","0,0","8,0","2,0","0,0","1,0","0,0",0,0,"0,0","44,2","0,0","0,0","0,0",,"0,0","0,0","0,0","0,0","0,0","1,0","1,0","1,0","1,0","0,0","0,0",0,FWD,https://api.sofascore.app/api/v1/player/931736/image,México
Hirving Lozano,F,385320,1,1,"6,8","6,8","44,0","44,0",0,0,0,0,1,"1,0","90,0","9,0","10,0","3,0","8,0","37,5","5,0","0,0","2,0","0,0","0,0","0,0",0,0,"0,0","18,4","10,2","0,0","0,0",,"3,0","3,0","0,0","0,0","0,0","0,0","0,0","0,0","3,0","0,0","0,0",0,FWD,https://api.sofascore.app/api/v1/player/385320/image,México
Julián Quiñones,F,843114,4,2,"6,78","7,7","202,0","50,5",0,0,0,3,5,"10,0","91,3","85,0","92,0","15,0","34,0","41,35","12,0","43,0","2,0","0,0","4,0","3,0",0,0,"0,0","34,98","4,45","2,0","5,0","33,33","4,0","5,0","1,0","1,0","1,0","1,0","8,0","4,0","5,0","0,0","0,0",0,FWD,https://api.sofascore.app/api/v1/player/843114/image,México
Edson Álvarez,M,847151,5,3,"6,78","7,0","306,0","61,2",0,0,0,0,1,"1,0","95,46","241,0","253,0","11,0","18,0","60,0","15,0","50,0","1,0","3,0","4,0","4,0",0,0,"0,0","67,76","3,86","1,0","3,0","50,0","4,0","5,0","1,0","0,0","1,0","7,0","2,0","1,0","4,0","0,0","0,0",0,MID,https://api.sofascore.app/api/v1/player/847151/image,México
Alexis Gutiérrez,M,905247,5,0,"6,77","7,0","99,0","33,0",0,1,0,0,0,"0,0","86,1","43,0","48,0","2,0","3,0","50,0","2,0","17,0","4,0","1,0","0,0","0,0",0,0,"0,91","39,1","1,83","1,0","1,0","100,0","0,0","1,0","0,0","0,0","0,0","0,0","0,0","0,0","1,0","0,0","0,0",1,MID,https://api.sofascore.app/api/v1/player/905247/image,México
Armando González,F,1595162,10,3,"6,76","8,2","248,0","35,43",1,1,0,5,2,"7,0","80,2","24,0","33,0","7,0","17,0","32,92","5,0","11,0","2,0","0,0","1,0","1,0",0,0,"0,39","8,14","2,46","3,0","9,0","33,33","1,0","2,0","3,0","2,0","0,0","0,0","2,0","1,0","11,0","4,0","0,0",2,FWD,https://api.sofascore.app/api/v1/player/1595162/image,México
Raúl Jiménez,F,192442,5,5,"6,74","6,9","356,0","71,2",2,0,0,6,2,"9,0","75,56","68,0","92,0","18,0","46,0","41,06","11,0","15,0","0,0","3,0","2,0","1,0",0,0,"0,51","17,2","2,72","4,0","13,0","36,66","7,0","10,0","1,0","1,0","0,0","2,0","6,0","2,0","11,0","5,0","0,0",2,FWD,https://api.sofascore.app/api/v1/player/192442/image,México
César Montes,D,818406,7,4,"6,72","7,2","359,0","71,8",0,0,0,0,1,"1,0","85,44","187,0","215,0","11,0","20,0","48,58","8,0","45,0","0,0","3,0","4,0","3,0",0,0,"0,0","48,94","1,82","7,0","10,0","70,0","3,0","0,0","1,0","0,0","0,0","16,0","0,0","0,0","1,0","0,0","0,0",0,DEF,https://api.sofascore.app/api/v1/player/818406/image,México
Alexis Vega,M,815637,5,2,"6,72","6,9","175,0","43,75",0,1,0,1,1,"5,0","93,8","79,0","86,0","2,0","9,0","31,25","6,0","40,0","11,0","0,0","0,0","0,0",0,0,"0,38","37,78","3,95","0,0","2,0","0,0","3,0","2,0","1,0","0,0","1,0","2,0","1,0","0,0","4,0","1,0","0,0",1,MID,https://api.sofascore.app/api/v1/player/815637/image,México
Obed Vargas,M,1119345,8,2,"6,72","7,0","164,0","32,8",0,0,0,0,1,"1,0","79,7","49,0","62,0","8,0","10,0","66,68","5,0","17,0","0,0","0,0","3,0","2,0",0,0,"0,0","27,52","3,34","0,0","0,0",,"0,0","5,0","0,0","0,0","0,0","2,0","0,0","0,0","0,0","0,0","0,0",0,MID,https://api.sofascore.app/api/v1/player/1119345/image,México
Álvaro Fidalgo,M,838629,4,4,"6,72","6,9","248,0","62,0",0,0,0,1,0,"3,0","92,05","142,0","155,0","5,0","11,0","54,15","4,0","57,0","1,0","1,0","0,0","0,0",0,0,"0,0","51,58","1,35","0,0","0,0",,"3,0","3,0","0,0","0,0","0,0","0,0","2,0","2,0","1,0","1,0","0,0",0,MID,https://api.sofascore.app/api/v1/player/838629/image,México
Ramón Juárez,D,993076,2,0,"6,7","6,7","57,0","57,0",0,0,0,0,0,"0,0","90,9","20,0","22,0","1,0","4,0","25,0","0,0","7,0","0,0","1,0","1,0","1,0",0,0,"0,0","31,6","0,0","0,0","1,0","0,0","1,0","0,0","0,0","0,0","0,0","1,0","0,0","0,0","0,0","0,0","0,0",0,DEF,https://api.sofascore.app/api/v1/player/993076/image,México
Germán Berterame,F,822606,6,1,"6,7","7,1","141,0","35,25",1,0,0,2,2,"5,0","72,22","16,0","22,0","7,0","14,0","45,82","4,0","10,0","1,0","0,0","1,0","0,0",0,0,"0,68","12,42","2,1","4,0","8,0","77,77","2,0","2,0","1,0","0,0","0,0","0,0","0,0","0,0","7,0","4,0","0,0",1,FWD,https://api.sofascore.app/api/v1/player/822606/image,México
Erik Lira,D,944068,10,7,"6,7","7,2","607,0","60,7",0,0,0,1,1,"2,0","88,5","332,0","377,0","20,0","49,0","39,04","43,0","84,0","2,0","5,0","11,0","8,0",0,0,"0,0","50,41","6,92","4,0","8,0","30,0","17,0","4,0","1,0","0,0","0,0","7,0","1,0","1,0","8,0","0,0","0,0",0,DEF,https://api.sofascore.app/api/v1/player/944068/image,México
Carlos Rodríguez,M,845849,5,1,"6,62","6,9","201,0","50,25",0,0,0,1,2,"3,0","88,42","102,0","115,0","5,0","12,0","31,25","7,0","35,0","1,0","0,0","3,0","3,0",0,0,"0,0","56,2","3,8","2,0","2,0","100,0","1,0","0,0","1,0","0,0","0,0","1,0","1,0","0,0","0,0","0,0","0,0",0,MID,https://api.sofascore.app/api/v1/player/845849/image,México
Guillermo Martínez,F,795282,6,1,"6,62","7,6","146,0","36,5",1,0,0,2,2,"5,0","70,6","15,0","21,0","3,0","12,0","25,82","3,0","10,0","1,0","0,0","0,0","0,0",0,0,"0,5","9,2","1,5","3,0","9,0","31,25","0,0","0,0","1,0","0,0","0,0","0,0","0,0","0,0","3,0","1,0","0,0",1,FWD,https://api.sofascore.app/api/v1/player/795282/image,México
Iker Fimbres,M,1523678,3,0,"6,6","6,6","19,0","19,0",0,0,0,0,0,"0,0","100,0","11,0","11,0","0,0","1,0","0,0","1,0","8,0","0,0","0,0","0,0","0,0",0,0,"0,0","52,1","4,7","0,0","0,0",,"0,0","0,0","0,0","0,0","0,0","0,0","0,0","0,0","1,0","0,0","0,0",0,MID,https://api.sofascore.app/api/v1/player/1523678/image,México
Jesús Orozco,D,1088274,2,1,"6,6","6,6","60,0","60,0",0,0,0,1,0,"1,0","87,8","43,0","49,0","4,0","6,0","66,7","0,0","0,0","0,0","0,0","0,0","0,0",0,0,"0,0","64,5","0,0","2,0","3,0","66,7","1,0","2,0","0,0","0,0","0,0","3,0","0,0","0,0","0,0","0,0","0,0",0,DEF,https://api.sofascore.app/api/v1/player/1088274/image,México
Erick Sánchez,M,845322,5,1,"6,6","6,8","155,0","31,0",0,0,0,0,0,"1,0","82,32","39,0","47,0","8,0","19,0","37,72","12,0","10,0","0,0","0,0","3,0","2,0",0,0,"0,0","25,4","8,36","0,0","1,0","0,0","4,0","3,0","0,0","0,0","0,0","4,0","3,0","2,0","3,0","0,0","0,0",0,MID,https://api.sofascore.app/api/v1/player/845322/image,México
Diego Campillo,D,990399,1,0,"6,6","6,6","24,0","24,0",0,0,0,0,0,"0,0","100,0","20,0","20,0","0,0","0,0",,"1,0","7,0","0,0","0,0","0,0","0,0",0,0,"0,0","75,0","3,8","0,0","0,0",,"0,0","0,0","0,0","0,0","0,0","0,0","0,0","0,0","0,0","0,0","0,0",0,DEF,https://api.sofascore.app/api/v1/player/990399/image,México
Mateo Chávez,D,1638685,5,2,"6,6","6,9","182,0","45,5",0,0,0,0,0,"0,0","82,68","65,0","75,0","14,0","25,0","57,65","7,0","28,0","8,0","2,0","7,0","6,0",0,0,"0,0","29,68","3,95","1,0","4,0","16,67","2,0","4,0","0,0","0,0","0,0","4,0","6,0","2,0","5,0","2,0","0,0",0,DEF,https://api.sofascore.app/api/v1/player/1638685/image,México
Isaías Violante,M,1085410,1,0,"6,6","6,6","28,0","28,0",0,0,0,0,0,"0,0","80,0","12,0","15,0","2,0","5,0","40,0","1,0","10,0","3,0","0,0","0,0","0,0",0,0,"0,0","38,6","3,2","0,0","0,0",,"0,0","0,0","0,0","0,0","0,0","0,0","3,0","2,0","0,0","0,0","0,0",0,MID,https://api.sofascore.app/api/v1/player/1085410/image,México
Guillermo Ochoa,G,15497,5,0,"6,6","6,6","45,0","45,0",0,0,0,0,0,"0,0","55,6","10,0","18,0","0,0","0,0",,"2,0","4,0","0,0","0,0","0,0","0,0",0,0,"0,0","20,0","4,0","0,0","0,0",,"0,0","0,0","0,0","0,0","0,0","1,0","0,0","0,0","0,0","0,0","1,0",0,GK,https://api.sofascore.app/api/v1/player/15497/image,México
Santiago Giménez,F,892141,2,0,"6,6","6,6","45,0","45,0",0,0,0,0,1,"1,0","50,0","2,0","4,0","4,0","7,0","57,1","2,0","2,0","0,0","0,0","0,0","0,0",0,0,"0,0","4,0","4,0","3,0","6,0","50,0","0,0","1,0","0,0","0,0","0,0","1,0","0,0","0,0","2,0","0,0","0,0",0,FWD,https://api.sofascore.app/api/v1/player/892141/image,México
Kevin Álvarez,D,929848,2,0,"6,6","6,6","23,0","23,0",0,0,0,0,0,"0,0","93,3","14,0","15,0","1,0","2,0","50,0","0,0","0,0","4,0","0,0","0,0","0,0",0,0,"0,0","54,8","0,0","1,0","1,0","100,0","0,0","0,0","0,0","0,0","0,0","0,0","0,0","0,0","0,0","0,0","0,0",0,DEF,https://api.sofascore.app/api/v1/player/929848/image,México
Kevin Castañeda,M,942708,4,1,"6,53","6,7","135,0","45,0",0,0,0,1,2,"3,0","81,43","40,0","47,0","2,0","8,0","16,67","2,0","18,0","11,0","1,0","0,0","0,0",0,0,"0,0","35,77","1,47","1,0","1,0","100,0","2,0","1,0","1,0","0,0","0,0","1,0","0,0","0,0","0,0","0,0","0,0",0,MID,https://api.sofascore.app/api/v1/player/942708/image,México
César Huerta,M,905257,2,0,"6,5","6,5","45,0","45,0",0,0,0,0,0,"0,0","66,7","6,0","9,0","2,0","4,0","50,0","2,0","5,0","0,0","0,0","1,0","1,0",0,0,"0,0","12,0","4,0","1,0","1,0","100,0","1,0","0,0","0,0","0,0","0,0","3,0","1,0","0,0","3,0","1,0","0,0",0,MID,https://api.sofascore.app/api/v1/player/905257/image,México
Luis Gabriel Rey,M,1097368,1,0,"6,5","6,5","19,0","19,0",0,0,0,0,0,"0,0","93,3","14,0","15,0","0,0","2,0","0,0","1,0","2,0","0,0","0,0","0,0","0,0",0,0,"0,0","66,3","4,7","0,0","0,0",,"2,0","0,0","0,0","0,0","0,0","0,0","0,0","0,0","0,0","0,0","0,0",0,MID,https://api.sofascore.app/api/v1/player/1097368/image,México
Denzell Garcia,M,1192342,5,0,"6,5","6,5","32,0","32,0",0,0,0,0,0,"0,0","100,0","10,0","10,0","0,0","0,0",,"0,0","3,0","1,0","0,0","0,0","0,0",0,0,"0,0","28,1","0,0","0,0","0,0",,"0,0","0,0","0,0","0,0","0,0","0,0","0,0","0,0","0,0","0,0","0,0",0,MID,https://api.sofascore.app/api/v1/player/1192342/image,México
Diego Lainez,M,874535,4,1,"6,4","6,5","68,0","34,0",0,0,0,0,0,"0,0","68,25","11,0","17,0","3,0","11,0","15,0","1,0","8,0","0,0","0,0","1,0","0,0",0,0,"0,0","18,55","0,8","0,0","0,0",,"3,0","2,0","0,0","0,0","0,0","0,0","0,0","0,0","3,0","0,0","0,0",0,MID,https://api.sofascore.app/api/v1/player/874535/image,México
Jorge Ruvalcaba,M,1153541,2,1,"6,3","6,3","60,0","60,0",0,0,0,0,0,"0,0","66,7","4,0","6,0","0,0","4,0","0,0","0,0","0,0","0,0","1,0","0,0","0,0",0,0,"0,0","6,0","0,0","0,0","0,0",,"2,0","0,0","0,0","0,0","0,0","1,0","0,0","0,0","1,0","0,0","0,0",0,MID,https://api.sofascore.app/api/v1/player/1153541/image,México
Fidel Ambríz,M,1005192,2,0,,,"0,0",,0,0,0,0,0,"0,0",,"0,0","0,0","0,0","0,0",,"0,0","0,0","0,0","0,0","0,0","0,0",0,0,,,,"0,0","0,0",,"0,0","0,0","0,0","0,0","0,0","0,0","0,0","0,0","0,0","0,0","0,0",0,MID,https://api.sofascore.app/api/v1/player/1005192/image,México
Jesús Angulo,D,869277,2,0,,,"0,0",,0,0,0,0,0,"0,0",,"0,0","0,0","0,0","0,0",,"0,0","0,0","0,0","0,0","0,0","0,0",0,0,,,,"0,0","0,0",,"0,0","0,0","0,0","0,0","0,0","0,0","0,0","0,0","0,0","0,0","0,0",0,DEF,https://api.sofascore.app/api/v1/player/869277/image,México
Oscar García,G,1183649,1,0,,,"0,0",,0,0,0,0,0,"0,0",,"0,0","0,0","0,0","0,0",,"0,0","0,0","0,0","0,0","0,0","0,0",0,0,,,,"0,0","0,0",,"0,0","0,0","0,0","0,0","0,0","0,0","0,0","0,0","0,0","0,0","0,0",0,GK,https://api.sofascore.app/api/v1/player/1183649/image,México
Ángel Sepúlveda,F,134449,2,0,,,"0,0",,0,0,0,0,0,"0,0",,"0,0","0,0","0,0","0,0",,"0,0","0,0","0,0","0,0","0,0","0,0",0,0,,,,"0,0","0,0",,"0,0","0,0","0,0","0,0","0,0","0,0","0,0","0,0","0,0","0,0","0,0",0,FWD,https://api.sofascore.app/api/v1/player/134449/image,México
